Miraan Women's Dress Material,https://www.amazon.in/gp/slredirect/picassoRedirect.html/ref=pa_sp_atf_aps_sr_pg1_1?ie=UTF8&adId=A02650733UTK5I5BGI8FO&url=https%3A%2F%2Fwww.amazon.in%2FMiraan-Womens-Dress-Material-BAND1624_Multicolor_Free%2Fdp%2FB0793NVJKC%2Fref%3Dsr_1_1_sspa%2F257-8744173-5019713%3Fie%3DUTF8%26qid%3D1552794814%26sr%3D8-1-spons%26keywords%3Dwomen%2Bs%2B%2Bdress%26psc%3D1&qualifier=1552794814&id=745052509273513&widgetName=sp_atf,759.00,https://images-na.ssl-images-amazon.com/images/I/818p2-9KXyL._UY550_.jpg,0.jpg,women,ethnic wear
Miraan Women's Dress Material,https://www.amazon.in/gp/slredirect/picassoRedirect.html/ref=pa_sp_atf_aps_sr_pg1_2?ie=UTF8&adId=A05367657B1VRK4ORK6R&url=https%3A%2F%2Fwww.amazon.in%2FMiraan-Womens-Dress-Material-BAND1607_Black_Free%2Fdp%2FB0793NZQ4Q%2Fref%3Dsr_1_2_sspa%2F257-8744173-5019713%3Fie%3DUTF8%26qid%3D1552794814%26sr%3D8-2-spons%26keywords%3Dwomen%2Bs%2B%2Bdress%26psc%3D1&qualifier=1552794814&id=745052509273513&widgetName=sp_atf,759.00,https://images-na.ssl-images-amazon.com/images/I/81rDWuu7GhL._UY550_.jpg,1.jpg,women,ethnic wear
Miraan Women's Dress Material,https://www.amazon.in/gp/slredirect/picassoRedirect.html/ref=pa_sp_atf_aps_sr_pg1_3?ie=UTF8&adId=A01761955K857CYSLWGB&url=https%3A%2F%2Fwww.amazon.in%2FMiraan-Womens-Dress-Material-BAND1602_Red_Free%2Fdp%2FB0793MSK5K%2Fref%3Dsr_1_3_sspa%2F257-8744173-5019713%3Fie%3DUTF8%26qid%3D1552794814%26sr%3D8-3-spons%26keywords%3Dwomen%2Bs%2B%2Bdress%26psc%3D1&qualifier=1552794814&id=745052509273513&widgetName=sp_atf,759.00,https://images-na.ssl-images-amazon.com/images/I/81KfREe%2BzcL._UY550_.jpg,2.jpg,women,ethnic wear
Rigo Black High Low Dress for Women,https://www.amazon.in/Rigo-Womens-line-Knee-Long-WDRS145-1055-S_Black_8/dp/B079FYMRFH/ref=sr_1_4/257-8744173-5019713?ie=UTF8&qid=1552794814&sr=8-4&keywords=women+s++dress,479.00,https://images-na.ssl-images-amazon.com/images/I/61jh826lWNL._UY445_.jpg,3.jpg,women,western wear
My Swag Women's Georgette U Neck Fit and Flare Regular Cape Dress,https://www.amazon.in/My-Swag-Womens-Georgette-DRS-00111_S/dp/B01H0Q72MA/ref=sr_1_5/257-8744173-5019713?ie=UTF8&qid=1552794814&sr=8-5&keywords=women+s++dress,497.00,https://images-na.ssl-images-amazon.com/images/I/61JFeLUe48L._UX342_.jpg,4.jpg,women,western wear
MsFQ Women's A-Line Maxi Dress,https://www.amazon.in/MsFQ-Womens-Line-Dress-FDRF501215-red-S/dp/B07CVJ9T7R/ref=sr_1_6/257-8744173-5019713?ie=UTF8&qid=1552794814&sr=8-6&keywords=women+s++dress,799.00,https://images-na.ssl-images-amazon.com/images/I/71oXjN-G9uL._UY445_.jpg,5.jpg,women,western wear
Belomoda Premium Georgette Fabric Sleeveless Printed Casual Partywear Stitched Long Gown For Women,https://www.amazon.in/Belomoda-Georgette-Sleeveless-Partywear-Stitched/dp/B07GZTCHBF/ref=sr_1_7/257-8744173-5019713?ie=UTF8&qid=1552794814&sr=8-7&keywords=women+s++dress,789.00,https://images-na.ssl-images-amazon.com/images/I/81m6JkgcxML._UY550_.jpg,6.jpg,women,ethnic wear
ADYK Cotton Couple T Shirt Dress King Queen,https://www.amazon.in/ADYK-Womens-Cotton-kqtd-01-Women-S/dp/B07HQCMWZS/ref=sr_1_8/257-8744173-5019713?ie=UTF8&qid=1552794814&sr=8-8&keywords=women+s++dress,599.00,https://images-na.ssl-images-amazon.com/images/I/61LcCVXomtL._UY445_.jpg,7.jpg,women,western wear
Raas Prêt Women's Crepe Flared Gown w/Lining Wine,https://www.amazon.in/Raas-Pr%C3%AAt-Womens-Flared-Bust-34/dp/B073QS87VH/ref=sr_1_10/257-8744173-5019713?ie=UTF8&qid=1552794814&sr=8-10&keywords=women+s++dress,944.00,https://images-na.ssl-images-amazon.com/images/I/71iEun0BonL._UY445_.jpg,9.jpg,women,western wear
"Kuber Enterprise® Embroider Silk Gown-KE-07. (Free Size, Red)",https://www.amazon.in/Kuber-Enterprise%C2%AE-Embroider-Silk-Gown-KE-07/dp/B07LBX3YSQ/ref=sr_1_11/257-8744173-5019713?ie=UTF8&qid=1552794814&sr=8-11&keywords=women+s++dress,299.00,https://images-na.ssl-images-amazon.com/images/I/61O0wbT2D5L._UY445_.jpg,10.jpg,women,ethnic wear
"ESENCEE Women's Semi Stitched Banglori Satin Lehenga Choli (Turquoise, Free Size)",https://www.amazon.in/ESENCEE-Stitched-Banglori-Lehenga-Turquoise/dp/B07KX4NTKX/ref=sr_1_12/257-8744173-5019713?ie=UTF8&qid=1552794814&sr=8-12&keywords=women+s++dress,320.00,https://images-na.ssl-images-amazon.com/images/I/714bdo0HQ6L._UX385_.jpg,11.jpg,women,ethnic wear
PURVAJA Women's Georgette Skater Dress,https://www.amazon.in/PURVAJA-Womens-Skater-Knee-Long-Omni-Grey-S_A_Gery_Small/dp/B07CFW72PW/ref=sr_1_13/257-8744173-5019713?ie=UTF8&qid=1552794814&sr=8-13&keywords=women+s++dress,714.00,https://images-na.ssl-images-amazon.com/images/I/81mBI%2BlQpDL._UY445_.jpg,12.jpg,women,western wear
Styleville.in Women's Skater Maxi Dress,https://www.amazon.in/Styleville-Womens-Skater-Dress-SDRF501278_Yellow_S/dp/B07GL2WV99/ref=sr_1_14/257-8744173-5019713?ie=UTF8&qid=1552794814&sr=8-14&keywords=women+s++dress,874.00,https://images-na.ssl-images-amazon.com/images/I/716vEltMJjL._UX342_.jpg,13.jpg,women,western wear
Ross Fashion Women'S Velvet Long Gown Skirt And Top (Bluebarry_Free Size),https://www.amazon.in/Fashion-WomenS-Velvet-Skirt-Bluebarry_Free/dp/B07LCSL8FC/ref=sr_1_15/257-8744173-5019713?ie=UTF8&qid=1552794814&sr=8-15&keywords=women+s++dress,559.00,https://images-na.ssl-images-amazon.com/images/I/61tYWnUliOL._UX342_.jpg,14.jpg,women,ethnic wear
Rigo Women's Maroon Aline Midi Dress,https://www.amazon.in/Rigo-Womens-Line-Knee-Long-WDRS120-1026-S_Maroon_Small/dp/B06XNPM586/ref=sr_1_16/257-8744173-5019713?ie=UTF8&qid=1552794814&sr=8-16&keywords=women+s++dress,449.00,https://images-na.ssl-images-amazon.com/images/I/516BqePrYmL._UY445_.jpg,15.jpg,women,western wear
Siddeshwary Fab Women's Taffeta Silk Anarkali Gown (Navy Blue_ Free Size_Semi Stitched),https://www.amazon.in/Siddeshwary-Fab-Anarkali-Size_Semi-Stitched/dp/B07DJFBMF1/ref=sr_1_17/257-8744173-5019713?ie=UTF8&qid=1552794814&sr=8-17&keywords=women+s++dress,766.00,https://images-na.ssl-images-amazon.com/images/I/81S1AdGI03L._UY550_.jpg,16.jpg,women,ethnic wear
"Bizarre Vogue Women""s Wallet (Maroon)",https://www.amazon.in/Bizarre-Vogue-Women-Wallet-Maroon/dp/B07KX5V6LF/ref=sr_1_18/257-8744173-5019713?ie=UTF8&qid=1552794814&sr=8-18&keywords=women+s++dress,199.00,https://images-na.ssl-images-amazon.com/images/I/41lYBrGoybL._UX395_.jpg,17.jpg,"handbags, purses & clutches",clutches
Van Heusen Women's Shirt Knee-Long Dress,https://www.amazon.in/Van-Heusen-Woman-Knee-Long-VWDRFRGFV44872_White_S/dp/B07HHNT78G/ref=sr_1_19/257-8744173-5019713?ie=UTF8&qid=1552794814&sr=8-19&keywords=women+s++dress,999.00,https://images-na.ssl-images-amazon.com/images/I/719YVas5maL._UX342_.jpg,18.jpg,women,western wear
Soulemo Women's Pure Cotton Feeding Nighty/Maternity Dress for PRE & Post Pregnancy 399,https://www.amazon.in/Soulemo-Pink-Feeding-Nighty-399A_S/dp/B073S53X54/ref=sr_1_20/257-8744173-5019713?ie=UTF8&qid=1552794814&sr=8-20&keywords=women+s++dress,699.00,https://images-na.ssl-images-amazon.com/images/I/91iNZTSTlJL._UY445_.jpg,19.jpg,women,maternity
Royal Export Women's A-Line Long Party Wear Dress,https://www.amazon.in/Royal-Export-Womens-Fabric-G2-S_Black-red_Small/dp/B074CFPRPJ/ref=sr_1_21/257-8744173-5019713?ie=UTF8&qid=1552794814&sr=8-21&keywords=women+s++dress,439.00,https://images-na.ssl-images-amazon.com/images/I/41hhR11Nt1L._UX342_.jpg,20.jpg,women,western wear
Royal Export Women's Georgette Dress,https://www.amazon.in/Royal-Export-Womens-Georgette-Sequencee_S_Black_Small/dp/B079Q61949/ref=sr_1_22/257-8744173-5019713?ie=UTF8&qid=1552794814&sr=8-22&keywords=women+s++dress,999.00,https://images-na.ssl-images-amazon.com/images/I/71W754Xc92L._UY550_.jpg,21.jpg,women,ethnic wear
Virtue New 3D Embroidery Floral Lace Applique Pearl Beaded Tulle DIY Wedding Party Dress Women' s Clothing Decoration Sewing Patch 1pc: As Picture,https://www.amazon.in/Embroidery-Applique-Wedding-Clothing-Decoration/dp/B07HKBLTJC/ref=sr_1_23/257-8744173-5019713?ie=UTF8&qid=1552794814&sr=8-23&keywords=women+s++dress,877.00,https://images-na.ssl-images-amazon.com/images/I/51DZUC3Yb6L._SX425_.jpg,22.jpg,craft materials,sewing
Rigo Women's Cotton Solid Knee Length Half Sleeve Bodycon Dresses,https://www.amazon.in/Rigo-Womens-Knee-Long-Dress-WDRS108-1012_S_Grey_8/dp/B01LF644E0/ref=sr_1_24/257-8744173-5019713?ie=UTF8&qid=1552794814&sr=8-24&keywords=women+s++dress,349.00,https://images-na.ssl-images-amazon.com/images/I/51xh7sjQNEL._UX342_.jpg,23.jpg,women,western wear
Saiduva art Dresses For Women Western Wear (Rishika),https://www.amazon.in/Saiduva-art-Dresses-Women-Rishika/dp/B07MQ4VD21/ref=sr_1_25/257-8744173-5019713?ie=UTF8&qid=1552794814&sr=8-25&keywords=women+s++dress,699.00,https://images-na.ssl-images-amazon.com/images/I/813T8IyAt7L._UY445_.jpg,24.jpg,women,ethnic wear
"16 Always Multi Color Women's Long Anarkali Printed Kurta, Anarkali Dress for Women",https://www.amazon.in/16-Always-Womens-Anarkali-Printed/dp/B07N6K98DS/ref=sr_1_26/257-8744173-5019713?ie=UTF8&qid=1552794814&sr=8-26&keywords=women+s++dress,548.00,https://images-na.ssl-images-amazon.com/images/I/61dsT6eTtWL._UY445_.jpg,25.jpg,women,ethnic wear
FreshVibes Triplet Combo of Silver Golden and Black Big Round Hoop Earrings for Women,https://www.amazon.in/FreshVibes-Triplet-Silver-Golden-Earrings/dp/B07K257JB4/ref=sr_1_28/257-8744173-5019713?ie=UTF8&qid=1552794814&sr=8-28&keywords=women+s++dress,156.00,https://images-na.ssl-images-amazon.com/images/I/71hmpbdK1UL._UY395_.jpg,27.jpg,women,earrings
"New Krishna Fashions Womens 100% Pure Cotton Nighty/Dress, Available with S/M/L/XL/XXL Sizes Pack of- 2 pcs",https://www.amazon.in/New-Krishna-Fashions-Womens-Available/dp/B07KN95R7S/ref=sr_1_32/257-8744173-5019713?ie=UTF8&qid=1552794814&sr=8-32&keywords=women+s++dress,679.00,https://images-na.ssl-images-amazon.com/images/I/81jGsCmHPZL._UX522_.jpg,31.jpg,women,"new krishna fashions womens 100% pure cotton nighty/dress, available with"
"Morang Women's Embroidered Taffeta Silk Bridal Anarkali Semi-Stitched Gown (MM-9830, Blue, Free Size)",https://www.amazon.in/Morang-Embroidered-Taffeta-Anarkali-Semi-Stitched/dp/B07HWVMF3M/ref=sr_1_33/257-8744173-5019713?ie=UTF8&qid=1552794814&sr=8-33&keywords=women+s++dress,599.00,https://images-na.ssl-images-amazon.com/images/I/71XBzTt%2BgyL._UY445_.jpg,32.jpg,women,ethnic wear
Belomoda Black Color Crepe Fabric 3/4 Sleeve Solid Casual Partywear Stitched Long Gown For Women,https://www.amazon.in/Belomoda-Maroon-Fabric-Partywear-Stitched/dp/B07GZLZWML/ref=sr_1_34/257-8744173-5019713?ie=UTF8&qid=1552794814&sr=8-34&keywords=women+s++dress,649.00,https://images-na.ssl-images-amazon.com/images/I/61-WSf8NS2L._UY445_.jpg,33.jpg,women,ethnic wear
BYC Womens Dress One Piece,https://www.amazon.in/BYC-Womens-Dress-Piece-Girl/dp/B07LF6Z6DQ/ref=sr_1_35/257-8744173-5019713?ie=UTF8&qid=1552794814&sr=8-35&keywords=women+s++dress,599.00,https://images-na.ssl-images-amazon.com/images/I/31ThMbzSGcL._UX342_.jpg,34.jpg,women,western wear
VERO MODA Women's A-Line Dress,https://www.amazon.in/VERO-MODA-Womens-1938720005_Snow-White_S/dp/B071V8PDK7/ref=sr_1_36/257-8744173-5019713?ie=UTF8&qid=1552794814&sr=8-36&keywords=women+s++dress,"1,159.00",https://images-na.ssl-images-amazon.com/images/I/81vS3jin%2BpL._UY550_.jpg,35.jpg,women,western wear
Harpa Women's A-Line Dress,https://www.amazon.in/Harpa-Womens-A-Line-Dress-GR3239-OFFWHITE_S/dp/B01FM7DCZA/ref=sr_1_38/257-8744173-5019713?ie=UTF8&qid=1552794814&sr=8-38&keywords=women+s++dress,524.00,https://images-na.ssl-images-amazon.com/images/I/71n-NTjyZuL._UX342_.jpg,37.jpg,women,western wear
Melcom Cotton Couple T Shirt Combo (Multicolour),https://www.amazon.in/Melcom-Cotton-T-Shirts-Black-Blue_Men-M-Women-S/dp/B0776YJ9JX/ref=sr_1_39/257-8744173-5019713?ie=UTF8&qid=1552794814&sr=8-39&keywords=women+s++dress,499.00,https://images-na.ssl-images-amazon.com/images/I/61lUwKnua-L._UY445_.jpg,38.jpg,women,western wear
Harpa Women's A-Line Dress,https://www.amazon.in/Harpa-Womens-A-Line-Dress-GR3308-BLACK_S/dp/B01FM7EXV2/ref=sr_1_41/257-8744173-5019713?ie=UTF8&qid=1552794814&sr=8-41&keywords=women+s++dress,679.00,https://images-na.ssl-images-amazon.com/images/I/81jmILcHcUL._UX342_.jpg,40.jpg,women,western wear
P S Retail Women's 2 Eye Mask for Masquerade Fancy Dress Costume(M3)( Black),https://www.amazon.in/Retail-Womens-Masquerade-Fancy-Costume/dp/B071WHTD44/ref=sr_1_42/257-8744173-5019713?ie=UTF8&qid=1552794814&sr=8-42&keywords=women+s++dress,346.00,https://images-na.ssl-images-amazon.com/images/I/51e23z%2BC6dL._SX425_.jpg,41.jpg,dressing up & costumes,masks & eyewear
"Voberry@ Women's s Dresses, Bohemian Striped Bandage Long Sleeve Casual Beach Dress",https://www.amazon.in/Voberry-Dresses-Bohemian-Striped-Bandage/dp/B07FMHHX4B/ref=sr_1_45/257-8744173-5019713?ie=UTF8&qid=1552794814&sr=8-45&keywords=women+s++dress,959.00,https://images-na.ssl-images-amazon.com/images/I/516s%2BfmtEAL._UX385_.jpg,44.jpg,women,western wear
US Polo Association Women's Cotton Cut-Out Dress,https://www.amazon.in/US-Polo-Association-UWDR0235_USPA-White_XL/dp/B01N7DH4LH/ref=sr_1_46/257-8744173-5019713?ie=UTF8&qid=1552794814&sr=8-46&keywords=women+s++dress,611.00,https://images-na.ssl-images-amazon.com/images/I/81R4eMeiiZL._UY550_.jpg,45.jpg,women,western wear
Harpa Women's A-Line Dress,https://www.amazon.in/Harpa-Womens-A-Line-Dress-GR3199-BLACK_S/dp/B01FM717YS/ref=sr_1_48/257-8744173-5019713?ie=UTF8&qid=1552794814&sr=8-48&keywords=women+s++dress,489.00,https://images-na.ssl-images-amazon.com/images/I/71PU8SNodvL._UX342_.jpg,47.jpg,women,western wear
"M S Bandhani Women's Cotton Bandhani Dress Material (smgprtpk01, Light Green and Pink, Free Size)",https://www.amazon.in/gp/slredirect/picassoRedirect.html/ref=pa_sp_atf_next_aps_sr_pg2_1?ie=UTF8&adId=A10129202IHBIIMAAU390&url=https%3A%2F%2Fwww.amazon.in%2FBandhani-Womens-Cotton-Material-smgprtpk01%2Fdp%2FB07LGYLHRZ%2Fref%3Dsr_1_49_sspa%3Fie%3DUTF8%26qid%3D1552795178%26sr%3D8-49-spons%26keywords%3Dwomen%2Bs%2B%2Bdress%26psc%3D1&qualifier=1552795178&id=7277717834708547&widgetName=sp_atf_next,999.00,https://images-na.ssl-images-amazon.com/images/I/81ih5-FaQnL._UY550_.jpg,48.jpg,women,ethnic wear
"KEDARFAB Women's Bangalore Silk Embroidered Lehenga Choli with Blouse Piece (Red, Free Size)",https://www.amazon.in/gp/slredirect/picassoRedirect.html/ref=pa_sp_atf_next_aps_sr_pg2_2?ie=UTF8&adId=A04854797TELAGXGWNW0&url=https%3A%2F%2Fwww.amazon.in%2FKEDARFAB-Womens-Bangalore-Embroidered-Lehenga%2Fdp%2FB07H6BGWJS%2Fref%3Dsr_1_50_sspa%3Fie%3DUTF8%26qid%3D1552795178%26sr%3D8-50-spons%26keywords%3Dwomen%2Bs%2B%2Bdress%26psc%3D1&qualifier=1552795178&id=7277717834708547&widgetName=sp_atf_next,"1,299.00",https://images-na.ssl-images-amazon.com/images/I/814nqCLbITL._UY445_.jpg,49.jpg,women,ethnic wear
"KEDARFAB Women's Taffeta Silk Embroidered Lehenga Choli with Blouse Piece (Pink,Free Size)",https://www.amazon.in/gp/slredirect/picassoRedirect.html/ref=pa_sp_atf_next_aps_sr_pg2_3?ie=UTF8&adId=A0970119UBHIDHWW4H2Q&url=https%3A%2F%2Fwww.amazon.in%2FKEDARFAB-Womens-Taffeta-Embroidered-Lehenga%2Fdp%2FB07HC9FMDS%2Fref%3Dsr_1_51_sspa%3Fie%3DUTF8%26qid%3D1552795178%26sr%3D8-51-spons%26keywords%3Dwomen%2Bs%2B%2Bdress%26psc%3D1&qualifier=1552795178&id=7277717834708547&widgetName=sp_atf_next,"1,199.00",https://images-na.ssl-images-amazon.com/images/I/81yFaORju%2BL._UY550_.jpg,50.jpg,women,ethnic wear
Styleville.in Women's Skater Maxi Dress,https://www.amazon.in/Styleville-Womens-Skater-Dress-SDRF501277_Magenta_S/dp/B07GL2YBYT/ref=sr_1_52?ie=UTF8&qid=1552795178&sr=8-52&keywords=women+s++dress,749.00,https://images-na.ssl-images-amazon.com/images/I/71zE1bjsROL._UY550_.jpg,51.jpg,women,western wear
Royal Export Women's White Reyon Cotton Party Wear Dress,https://www.amazon.in/Royal-Export-Womens-Cotton-Nt_-White_S_White_Small/dp/B07F6CJL5W/ref=sr_1_53?ie=UTF8&qid=1552795178&sr=8-53&keywords=women+s++dress,754.00,https://images-na.ssl-images-amazon.com/images/I/510%2B0syDgHL.jpg,52.jpg,women,western wear
Harpa Women's A-Line Dress,https://www.amazon.in/Harpa-Womens-A-Line-Dress-GR3306-ORANGE_S/dp/B01FM729I6/ref=sr_1_54?ie=UTF8&qid=1552795178&sr=8-54&keywords=women+s++dress,639.00,https://images-na.ssl-images-amazon.com/images/I/81yAz%2BuYxeL._UX342_.jpg,53.jpg,women,western wear
Styleville.in Women's Skater Maxi Dress,https://www.amazon.in/Styleville-Womens-Skater-Dress-SDRF501276_Multicolor_S/dp/B07GLLKHBH/ref=sr_1_58?ie=UTF8&qid=1552795178&sr=8-58&keywords=women+s++dress,749.00,https://images-na.ssl-images-amazon.com/images/I/81pOHtM-ZeL._UX342_.jpg,57.jpg,women,western wear
ONLY Women's A-Line Dress,https://www.amazon.in/ONLY-Womens-Line-15138808_Navy-Blazer_S/dp/B073WFX7Y2/ref=sr_1_60?ie=UTF8&qid=1552795178&sr=8-60&keywords=women+s++dress,"1,349.00",https://images-na.ssl-images-amazon.com/images/I/61qvA%2BBCs0L._UY445_.jpg,59.jpg,women,western wear
CARBON BASICS Cotton Lycra Solid Casual Dungaree Dress for Women & Girls,https://www.amazon.in/CARBON-BASICS-Cotton-Striped-Dungaree/dp/B07L1SDFZ9/ref=sr_1_65?ie=UTF8&qid=1552795178&sr=8-65&keywords=women+s++dress,499.00,https://images-na.ssl-images-amazon.com/images/I/619H9pV6r6L._UX385_.jpg,64.jpg,women,western wear
Gerua Women's Pleated Maxi Dress,https://www.amazon.in/Gerua-Womens-Pleated-Dress-G1560_Yellow_S/dp/B07HJ9T3NF/ref=sr_1_82?ie=UTF8&qid=1552795178&sr=8-82&keywords=women+s++dress,599.00,https://images-na.ssl-images-amazon.com/images/I/81PR9XpLNIL._UX342_.jpg,81.jpg,women,western wear
"M S Bandhani Women's Cotton Bandhani Dress Material (smgprtpk01, Light Green and Pink, Free Size)",https://www.amazon.in/gp/slredirect/picassoRedirect.html/ref=pa_sp_atf_next_aps_sr_pg3_1?ie=UTF8&adId=A10129202IHBIIMAAU390&url=https%3A%2F%2Fwww.amazon.in%2FBandhani-Womens-Cotton-Material-smgprtpk01%2Fdp%2FB07LGYLHRZ%2Fref%3Dsr_1_97_sspa%3Fie%3DUTF8%26qid%3D1552795415%26sr%3D8-97-spons%26keywords%3Dwomen%2Bs%2B%2Bdress%26psc%3D1&qualifier=1552795415&id=2135868107193506&widgetName=sp_atf_next,999.00,https://images-na.ssl-images-amazon.com/images/I/81ih5-FaQnL._UY550_.jpg,96.jpg,women,ethnic wear
Renish Enterprise Women's Cotton Silk Saree with Blouse Piece Single More(RED Green),https://www.amazon.in/gp/slredirect/picassoRedirect.html/ref=pa_sp_atf_next_aps_sr_pg3_2?ie=UTF8&adId=A01299222XBP160ZG1C6O&url=https%3A%2F%2Fwww.amazon.in%2FRenish-Enterprise-Womens-Cotton-Blouse%2Fdp%2FB07G5WRZN6%2Fref%3Dsr_1_98_sspa%3Fie%3DUTF8%26qid%3D1552795415%26sr%3D8-98-spons%26keywords%3Dwomen%2Bs%2B%2Bdress%26psc%3D1&qualifier=1552795415&id=2135868107193506&widgetName=sp_atf_next,789.00,https://images-na.ssl-images-amazon.com/images/I/91ZJ0d-c7eL._UY550_.jpg,97.jpg,women,ethnic wear
Siddeshwary Fab women's Bangalore Silk Anrkali Gown (semi stitched_free Size),https://www.amazon.in/gp/slredirect/picassoRedirect.html/ref=pa_sp_atf_next_aps_sr_pg3_3?ie=UTF8&adId=A04335041M0P2P5N94D7Z&url=https%3A%2F%2Fwww.amazon.in%2FSiddeshwary-Fab-Bangalore-Anarkali-stitched%2Fdp%2FB07DSSDZ1D%2Fref%3Dsr_1_99_sspa%3Fie%3DUTF8%26qid%3D1552795415%26sr%3D8-99-spons%26keywords%3Dwomen%2Bs%2B%2Bdress%26psc%3D1&qualifier=1552795415&id=2135868107193506&widgetName=sp_atf_next,999.00,https://images-na.ssl-images-amazon.com/images/I/81IDonf%2BWcL._UY550_.jpg,98.jpg,women,ethnic wear
1 Stop Fashion Women's Pink Colour Crepe Top,https://www.amazon.in/Stop-Fashion-Womens-Shirt-Tunic8-L_Multicoloured_Large/dp/B07JNC7CJD/ref=sr_1_116?ie=UTF8&qid=1552795415&sr=8-116&keywords=women+s++dress,270.00,https://images-na.ssl-images-amazon.com/images/I/81bw-fmgTmL._UY445_.jpg,115.jpg,women,western wear
P S Retail Woman's Masquerade Eye Mask - Set of 1 (M2),https://www.amazon.in/Retail-Womans-Masquerade-Eye-Mask/dp/B06ZZTKRM6/ref=sr_1_127?ie=UTF8&qid=1552795415&sr=8-127&keywords=women+s++dress,272.00,https://images-na.ssl-images-amazon.com/images/I/51RdjWhOgqL._SX425_.jpg,126.jpg,dressing up & costumes,masks & eyewear
Anand Sarees Saree with Blouse Piece,https://www.amazon.in/gp/slredirect/picassoRedirect.html/ref=pa_sp_atf_next_aps_sr_pg4_2?ie=UTF8&adId=A07701331Q8MJQ21L0T1Q&url=https%3A%2F%2Fwww.amazon.in%2FAnand-Sarees-Georgette-Blouse-1180_A_beige_Free%2Fdp%2FB01F5GS9DI%2Fref%3Dsr_1_146_sspa%3Fie%3DUTF8%26qid%3D1552795604%26sr%3D8-146-spons%26keywords%3Dwomen%2Bs%2B%2Bdress%26psc%3D1&qualifier=1552795604&id=1109104585323274&widgetName=sp_atf_next,298.00,https://images-na.ssl-images-amazon.com/images/I/81VdRpWa2IL._UX385_.jpg,145.jpg,women,ethnic wear
